{
  "project_info": {
    "project_number": "877740035762",
    "firebase_url": "https://g-alert-782fd.firebaseio.com",
    "project_id": "g-alert-782fd",
    "storage_bucket": "g-alert-782fd.appspot.com"
  },
  "client": [
    {
      "client_info": {
        "mobilesdk_app_id": "1:877740035762:android:6532b2902bf9e1918903ab",
        "android_client_info": {
          "package_name": "com.luminos.developers.galert"
        }
      },
      "oauth_client": [
        {
          "client_id": "877740035762-29itr7iiqqboaqh0ihu702nir8v9p4jv.apps.googleusercontent.com",
          "client_type": 1,
          "android_info": {
            "package_name": "com.luminos.developers.galert",
            "certificate_hash": "279d42e9a22744a865f19c1c7bcf530c5de1a5b9"
          }
        },
        {
          "client_id": "877740035762-knqtamriqeusoaeqcb0798ruoj91ik19.apps.googleusercontent.com",
          "client_type": 3
        }
      ],
      "api_key": [
        {
          "current_key": "AIzaSyChsMeKwY2y___UEwdT4Av3xEdGiRwllks"
        }
      ],
      "services": {
        "appinvite_service": {
          "other_platform_oauth_client": [
            {
              "client_id": "877740035762-knqtamriqeusoaeqcb0798ruoj91ik19.apps.googleusercontent.com",
              "client_type": 3
            }
          ]
        }
      }
    }
  ],
  "configuration_version": "1"
}